timestamp_utc,signal_type,edge_pct,similarity,platform_a,platform_b,category_a,category_b,title_a,title_b,url_a,url_b,profit_per_1,sent_ntfy,skip_reason
2026-05-25T19:34:07.804138+00:00,LADDER,0.885,1.0,kalshi,kalshi,unknown,unknown,Above 4.505,Above 1272.09,https://kalshi.com/markets/kxaaagasd-26may26,https://kalshi.com/markets/kxtruev-26may25,0.0,True,
2026-05-25T19:34:07.861392+00:00,CORRELATED,0.84,1.0,predictit,predictit,unknown,unknown,How many states will redistrict between April 30 and July 31? - 2,How many states will redistrict between April 30 and July 31? - 4,https://www.predictit.org/markets/detail/8773,https://www.predictit.org/markets/detail/8773,0.0,True,
2026-05-25T20:09:36.218636+00:00,CORRELATED,0.84,1.0,predictit,predictit,unknown,unknown,How many states will redistrict between April 30 and July 31? - 2,How many states will redistrict between April 30 and July 31? - 4,https://www.predictit.org/markets/detail/8773,https://www.predictit.org/markets/detail/8773,0.0,False,cooldown
2026-05-25T21:34:47.931652+00:00,CORRELATED,0.84,1.0,predictit,predictit,unknown,unknown,How many states will redistrict between April 30 and July 31? - 2,How many states will redistrict between April 30 and July 31? - 4,https://www.predictit.org/markets/detail/8773,https://www.predictit.org/markets/detail/8773,0.0,False,cooldown
2026-05-25T22:41:52.700642+00:00,CORRELATED,0.84,1.0,predictit,predictit,unknown,unknown,How many states will redistrict between April 30 and July 31? - 2,How many states will redistrict between April 30 and July 31? - 4,https://www.predictit.org/markets/detail/8773,https://www.predictit.org/markets/detail/8773,0.0,False,cooldown
2026-05-25T23:47:42.503095+00:00,LADDER,0.11,1.0,kalshi,kalshi,unknown,unknown,Over 9.5 runs scored,Over 13.5 runs scored,https://kalshi.com/markets/kxmlbtotal-26may262140seaath,https://kalshi.com/markets/kxmlbtotal-26may251810wshcle,0.0,True,
2026-05-25T23:47:42.765560+00:00,CORRELATED,0.84,1.0,predictit,predictit,unknown,unknown,How many states will redistrict between April 30 and July 31? - 2,How many states will redistrict between April 30 and July 31? - 4,https://www.predictit.org/markets/detail/8773,https://www.predictit.org/markets/detail/8773,0.0,True,
2026-05-26T03:43:16.412309+00:00,CORRELATED,0.84,1.0,predictit,predictit,unknown,unknown,How many states will redistrict between April 30 and July 31? - 2,How many states will redistrict between April 30 and July 31? - 4,https://www.predictit.org/markets/detail/8773,https://www.predictit.org/markets/detail/8773,0.0,False,cooldown
2026-05-26T07:03:03.041668+00:00,ARB,0.125,1.0,polymarket,kalshi,unknown,sports,Spread: Saint-Etienne (-1.5),Saint-Etienne,https://polymarket.com/event/fl1-se-nic-2026-05-26-more-markets,https://kalshi.com/markets/kxligue1game-26may26stenic,0.215,True,
2026-05-26T07:03:03.307871+00:00,LADDER,0.065,1.0,kalshi,kalshi,unknown,unknown,Over 8.5 runs scored,Over 8.5 runs scored,https://kalshi.com/markets/kxmlbtotal-26may261840chcpit,https://kalshi.com/markets/kxmlbtotal-26may261835tbbal,0.0,True,
2026-05-26T07:03:03.600100+00:00,CORRELATED,0.877,1.0,polymarket,polymarket,unknown,unknown,Saint-Etienne vs. Nice: O/U 0.5,Saint-Etienne vs. Nice: O/U 5.5,https://polymarket.com/event/fl1-se-nic-2026-05-26-more-markets,https://polymarket.com/event/fl1-se-nic-2026-05-26-more-markets,0.0,True,
2026-05-26T13:56:39.324147+00:00,ARB,0.285,1.0,predictit,kalshi,politics,politics,Which party will control the Senate after the 2026 election? - Republican,Election,https://www.predictit.org/markets/detail/8155,https://kalshi.com/markets/kxmaddowmention-26may25,0.455,True,
2026-05-26T13:56:39.385901+00:00,ARB,0.285,1.0,predictit,kalshi,politics,politics,Which party will win the 2026 US House election in Iowa's 1st District? - Democr,Election,https://www.predictit.org/markets/detail/8192,https://kalshi.com/markets/kxmaddowmention-26may25,0.455,True,
2026-05-26T13:56:39.450189+00:00,ARB,0.285,1.0,predictit,kalshi,politics,politics,Which party will win the 2026 US Senate election in Alaska? - Democratic,Election,https://www.predictit.org/markets/detail/8271,https://kalshi.com/markets/kxmaddowmention-26may25,0.455,True,
2026-05-26T13:56:39.512822+00:00,LADDER,0.045,1.0,kalshi,kalshi,unknown,unknown,Over 7.5 runs scored,Over 7.5 runs scored,https://kalshi.com/markets/kxmlbtotal-26may261910cinnym,https://kalshi.com/markets/kxmlbtotal-26may261907miator,0.0,True,
2026-05-26T13:56:39.573199+00:00,CORRELATED,0.84,1.0,predictit,predictit,unknown,unknown,How many states will redistrict between April 30 and July 31? - 2,How many states will redistrict between April 30 and July 31? - 4,https://www.predictit.org/markets/detail/8773,https://www.predictit.org/markets/detail/8773,0.0,True,
2026-05-26T14:54:53.588877+00:00,CORRELATED,0.84,1.0,predictit,predictit,unknown,unknown,How many states will redistrict between April 30 and July 31? - 2,How many states will redistrict between April 30 and July 31? - 4,https://www.predictit.org/markets/detail/8773,https://www.predictit.org/markets/detail/8773,0.0,False,cooldown
2026-05-26T15:01:07.172263+00:00,CORRELATED,0.84,1.0,predictit,predictit,unknown,unknown,How many states will redistrict between April 30 and July 31? - 2,How many states will redistrict between April 30 and July 31? - 4,https://www.predictit.org/markets/detail/8773,https://www.predictit.org/markets/detail/8773,0.0,False,cooldown
2026-05-26T15:15:45.757565+00:00,CORRELATED,0.84,1.0,predictit,predictit,unknown,unknown,How many states will redistrict between April 30 and July 31? - 2,How many states will redistrict between April 30 and July 31? - 4,https://www.predictit.org/markets/detail/8773,https://www.predictit.org/markets/detail/8773,0.0,False,cooldown
2026-05-26T15:30:55.091448+00:00,CORRELATED,0.84,1.0,predictit,predictit,unknown,unknown,How many states will redistrict between April 30 and July 31? - 2,How many states will redistrict between April 30 and July 31? - 4,https://www.predictit.org/markets/detail/8773,https://www.predictit.org/markets/detail/8773,0.0,False,cooldown
2026-05-26T15:45:40.169201+00:00,CORRELATED,0.84,1.0,predictit,predictit,unknown,unknown,How many states will redistrict between April 30 and July 31? - 2,How many states will redistrict between April 30 and July 31? - 4,https://www.predictit.org/markets/detail/8773,https://www.predictit.org/markets/detail/8773,0.0,False,cooldown
2026-05-26T16:01:10.533386+00:00,CORRELATED,0.84,1.0,predictit,predictit,unknown,unknown,How many states will redistrict between April 30 and July 31? - 2,How many states will redistrict between April 30 and July 31? - 4,https://www.predictit.org/markets/detail/8773,https://www.predictit.org/markets/detail/8773,0.0,False,cooldown
2026-05-26T16:15:44.797171+00:00,CORRELATED,0.84,1.0,predictit,predictit,unknown,unknown,How many states will redistrict between April 30 and July 31? - 2,How many states will redistrict between April 30 and July 31? - 4,https://www.predictit.org/markets/detail/8773,https://www.predictit.org/markets/detail/8773,0.0,False,cooldown
2026-05-26T16:30:54.407213+00:00,CORRELATED,0.84,1.0,predictit,predictit,unknown,unknown,How many states will redistrict between April 30 and July 31? - 2,How many states will redistrict between April 30 and July 31? - 4,https://www.predictit.org/markets/detail/8773,https://www.predictit.org/markets/detail/8773,0.0,False,cooldown
2026-05-26T16:45:39.769502+00:00,CORRELATED,0.84,1.0,predictit,predictit,unknown,unknown,How many states will redistrict between April 30 and July 31? - 2,How many states will redistrict between April 30 and July 31? - 4,https://www.predictit.org/markets/detail/8773,https://www.predictit.org/markets/detail/8773,0.0,False,cooldown
2026-05-26T17:01:04.576616+00:00,CORRELATED,0.84,1.0,predictit,predictit,unknown,unknown,How many states will redistrict between April 30 and July 31? - 2,How many states will redistrict between April 30 and July 31? - 4,https://www.predictit.org/markets/detail/8773,https://www.predictit.org/markets/detail/8773,0.0,False,cooldown
2026-05-26T17:15:44.481910+00:00,CORRELATED,0.84,1.0,predictit,predictit,unknown,unknown,How many states will redistrict between April 30 and July 31? - 2,How many states will redistrict between April 30 and July 31? - 4,https://www.predictit.org/markets/detail/8773,https://www.predictit.org/markets/detail/8773,0.0,False,cooldown
2026-05-26T17:30:50.494016+00:00,CORRELATED,0.84,1.0,predictit,predictit,unknown,unknown,How many states will redistrict between April 30 and July 31? - 2,How many states will redistrict between April 30 and July 31? - 4,https://www.predictit.org/markets/detail/8773,https://www.predictit.org/markets/detail/8773,0.0,False,cooldown
2026-05-26T17:45:39.680736+00:00,CORRELATED,0.84,1.0,predictit,predictit,unknown,unknown,How many states will redistrict between April 30 and July 31? - 2,How many states will redistrict between April 30 and July 31? - 4,https://www.predictit.org/markets/detail/8773,https://www.predictit.org/markets/detail/8773,0.0,False,cooldown
2026-05-26T18:01:02.696478+00:00,CORRELATED,0.84,1.0,predictit,predictit,unknown,unknown,How many states will redistrict between April 30 and July 31? - 2,How many states will redistrict between April 30 and July 31? - 4,https://www.predictit.org/markets/detail/8773,https://www.predictit.org/markets/detail/8773,0.0,True,
2026-05-26T18:15:40.175864+00:00,CORRELATED,0.84,1.0,predictit,predictit,unknown,unknown,How many states will redistrict between April 30 and July 31? - 2,How many states will redistrict between April 30 and July 31? - 4,https://www.predictit.org/markets/detail/8773,https://www.predictit.org/markets/detail/8773,0.0,False,cooldown
2026-05-26T18:30:55.478854+00:00,CORRELATED,0.84,1.0,predictit,predictit,unknown,unknown,How many states will redistrict between April 30 and July 31? - 2,How many states will redistrict between April 30 and July 31? - 4,https://www.predictit.org/markets/detail/8773,https://www.predictit.org/markets/detail/8773,0.0,False,cooldown
2026-05-26T18:45:44.614535+00:00,CORRELATED,0.84,1.0,predictit,predictit,unknown,unknown,How many states will redistrict between April 30 and July 31? - 2,How many states will redistrict between April 30 and July 31? - 4,https://www.predictit.org/markets/detail/8773,https://www.predictit.org/markets/detail/8773,0.0,False,cooldown
2026-05-26T19:01:11.165399+00:00,CORRELATED,0.84,1.0,predictit,predictit,unknown,unknown,How many states will redistrict between April 30 and July 31? - 2,How many states will redistrict between April 30 and July 31? - 4,https://www.predictit.org/markets/detail/8773,https://www.predictit.org/markets/detail/8773,0.0,False,cooldown
2026-05-26T19:15:41.622043+00:00,CORRELATED,0.84,1.0,predictit,predictit,unknown,unknown,How many states will redistrict between April 30 and July 31? - 2,How many states will redistrict between April 30 and July 31? - 4,https://www.predictit.org/markets/detail/8773,https://www.predictit.org/markets/detail/8773,0.0,False,cooldown
2026-05-26T19:30:53.333393+00:00,ARB,0.14,1.0,predictit,kalshi,politics,unknown,How many tie-breaking Senate votes will JD Vance cast in 2026? - 1 vote,Tie,https://www.predictit.org/markets/detail/8521,https://kalshi.com/markets/kxligue11h-26may26stenic,0.31,True,
2026-05-26T19:30:53.513880+00:00,LADDER,0.355,1.0,kalshi,kalshi,unknown,unknown,Over 0.5 1H goals scored,Over 1.5 1H goals scored,https://kalshi.com/markets/kxligue11htotal-26may26stenic,https://kalshi.com/markets/kxligue11htotal-26may26stenic,0.0,True,
2026-05-26T19:30:53.514024+00:00,CORRELATED,0.84,1.0,predictit,predictit,unknown,unknown,How many states will redistrict between April 30 and July 31? - 2,How many states will redistrict between April 30 and July 31? - 4,https://www.predictit.org/markets/detail/8773,https://www.predictit.org/markets/detail/8773,0.0,False,cooldown
2026-05-26T19:45:55.730593+00:00,CORRELATED,0.84,1.0,predictit,predictit,unknown,unknown,How many states will redistrict between April 30 and July 31? - 2,How many states will redistrict between April 30 and July 31? - 4,https://www.predictit.org/markets/detail/8773,https://www.predictit.org/markets/detail/8773,0.0,False,cooldown
2026-05-26T20:01:01.297082+00:00,CORRELATED,0.84,1.0,predictit,predictit,unknown,unknown,How many states will redistrict between April 30 and July 31? - 2,How many states will redistrict between April 30 and July 31? - 4,https://www.predictit.org/markets/detail/8773,https://www.predictit.org/markets/detail/8773,0.0,False,cooldown
2026-05-26T20:15:46.848979+00:00,CORRELATED,0.84,1.0,predictit,predictit,unknown,unknown,How many states will redistrict between April 30 and July 31? - 2,How many states will redistrict between April 30 and July 31? - 4,https://www.predictit.org/markets/detail/8773,https://www.predictit.org/markets/detail/8773,0.0,False,cooldown
2026-05-26T20:30:51.168109+00:00,CORRELATED,0.84,1.0,predictit,predictit,unknown,unknown,How many states will redistrict between April 30 and July 31? - 2,How many states will redistrict between April 30 and July 31? - 4,https://www.predictit.org/markets/detail/8773,https://www.predictit.org/markets/detail/8773,0.0,False,cooldown
2026-05-26T20:45:42.499945+00:00,CORRELATED,0.84,1.0,predictit,predictit,unknown,unknown,How many states will redistrict between April 30 and July 31? - 2,How many states will redistrict between April 30 and July 31? - 4,https://www.predictit.org/markets/detail/8773,https://www.predictit.org/markets/detail/8773,0.0,False,cooldown
2026-05-26T21:01:04.650632+00:00,CORRELATED,0.84,1.0,predictit,predictit,unknown,unknown,How many states will redistrict between April 30 and July 31? - 2,How many states will redistrict between April 30 and July 31? - 4,https://www.predictit.org/markets/detail/8773,https://www.predictit.org/markets/detail/8773,0.0,False,cooldown
2026-05-26T21:15:44.491599+00:00,CORRELATED,0.84,1.0,predictit,predictit,unknown,unknown,How many states will redistrict between April 30 and July 31? - 2,How many states will redistrict between April 30 and July 31? - 4,https://www.predictit.org/markets/detail/8773,https://www.predictit.org/markets/detail/8773,0.0,False,cooldown
2026-05-26T21:30:49.243066+00:00,CORRELATED,0.84,1.0,predictit,predictit,unknown,unknown,How many states will redistrict between April 30 and July 31? - 2,How many states will redistrict between April 30 and July 31? - 4,https://www.predictit.org/markets/detail/8773,https://www.predictit.org/markets/detail/8773,0.0,False,cooldown
2026-05-26T21:45:43.196499+00:00,CORRELATED,0.84,1.0,predictit,predictit,unknown,unknown,How many states will redistrict between April 30 and July 31? - 2,How many states will redistrict between April 30 and July 31? - 4,https://www.predictit.org/markets/detail/8773,https://www.predictit.org/markets/detail/8773,0.0,False,cooldown
2026-05-26T22:00:58.125682+00:00,CORRELATED,0.84,1.0,predictit,predictit,unknown,unknown,How many states will redistrict between April 30 and July 31? - 2,How many states will redistrict between April 30 and July 31? - 4,https://www.predictit.org/markets/detail/8773,https://www.predictit.org/markets/detail/8773,0.0,False,cooldown
2026-05-26T22:15:45.197035+00:00,CORRELATED,0.84,1.0,predictit,predictit,unknown,unknown,How many states will redistrict between April 30 and July 31? - 2,How many states will redistrict between April 30 and July 31? - 4,https://www.predictit.org/markets/detail/8773,https://www.predictit.org/markets/detail/8773,0.0,True,
2026-05-26T22:30:45.696355+00:00,CORRELATED,0.84,1.0,predictit,predictit,unknown,unknown,How many states will redistrict between April 30 and July 31? - 2,How many states will redistrict between April 30 and July 31? - 4,https://www.predictit.org/markets/detail/8773,https://www.predictit.org/markets/detail/8773,0.0,False,cooldown
2026-05-26T22:45:38.763230+00:00,CORRELATED,0.84,1.0,predictit,predictit,unknown,unknown,How many states will redistrict between April 30 and July 31? - 2,How many states will redistrict between April 30 and July 31? - 4,https://www.predictit.org/markets/detail/8773,https://www.predictit.org/markets/detail/8773,0.0,False,cooldown
2026-05-26T23:01:03.180783+00:00,CORRELATED,0.84,1.0,predictit,predictit,unknown,unknown,How many states will redistrict between April 30 and July 31? - 2,How many states will redistrict between April 30 and July 31? - 4,https://www.predictit.org/markets/detail/8773,https://www.predictit.org/markets/detail/8773,0.0,False,cooldown
2026-05-26T23:15:45.791029+00:00,CORRELATED,0.84,1.0,predictit,predictit,unknown,unknown,How many states will redistrict between April 30 and July 31? - 2,How many states will redistrict between April 30 and July 31? - 4,https://www.predictit.org/markets/detail/8773,https://www.predictit.org/markets/detail/8773,0.0,False,cooldown
2026-05-26T23:30:47.124228+00:00,CORRELATED,0.84,1.0,predictit,predictit,unknown,unknown,How many states will redistrict between April 30 and July 31? - 2,How many states will redistrict between April 30 and July 31? - 4,https://www.predictit.org/markets/detail/8773,https://www.predictit.org/markets/detail/8773,0.0,False,cooldown
2026-05-26T23:45:38.583873+00:00,CORRELATED,0.84,1.0,predictit,predictit,unknown,unknown,How many states will redistrict between April 30 and July 31? - 2,How many states will redistrict between April 30 and July 31? - 4,https://www.predictit.org/markets/detail/8773,https://www.predictit.org/markets/detail/8773,0.0,False,cooldown
2026-05-27T00:01:04.026208+00:00,CORRELATED,0.84,1.0,predictit,predictit,unknown,unknown,How many states will redistrict between April 30 and July 31? - 2,How many states will redistrict between April 30 and July 31? - 4,https://www.predictit.org/markets/detail/8773,https://www.predictit.org/markets/detail/8773,0.0,False,cooldown
2026-05-27T00:15:51.982293+00:00,CORRELATED,0.84,1.0,predictit,predictit,unknown,unknown,How many states will redistrict between April 30 and July 31? - 2,How many states will redistrict between April 30 and July 31? - 4,https://www.predictit.org/markets/detail/8773,https://www.predictit.org/markets/detail/8773,0.0,False,cooldown
2026-05-27T00:30:54.693278+00:00,CORRELATED,0.84,1.0,predictit,predictit,unknown,unknown,How many states will redistrict between April 30 and July 31? - 2,How many states will redistrict between April 30 and July 31? - 4,https://www.predictit.org/markets/detail/8773,https://www.predictit.org/markets/detail/8773,0.0,False,cooldown
2026-05-27T00:45:40.991485+00:00,CORRELATED,0.84,1.0,predictit,predictit,unknown,unknown,How many states will redistrict between April 30 and July 31? - 2,How many states will redistrict between April 30 and July 31? - 4,https://www.predictit.org/markets/detail/8773,https://www.predictit.org/markets/detail/8773,0.0,False,cooldown
2026-05-27T01:01:01.321664+00:00,CORRELATED,0.84,1.0,predictit,predictit,unknown,unknown,How many states will redistrict between April 30 and July 31? - 2,How many states will redistrict between April 30 and July 31? - 4,https://www.predictit.org/markets/detail/8773,https://www.predictit.org/markets/detail/8773,0.0,False,cooldown
2026-05-27T01:15:38.488799+00:00,CORRELATED,0.84,1.0,predictit,predictit,unknown,unknown,How many states will redistrict between April 30 and July 31? - 2,How many states will redistrict between April 30 and July 31? - 4,https://www.predictit.org/markets/detail/8773,https://www.predictit.org/markets/detail/8773,0.0,False,cooldown
2026-05-27T01:30:50.227046+00:00,CORRELATED,0.84,1.0,predictit,predictit,unknown,unknown,How many states will redistrict between April 30 and July 31? - 2,How many states will redistrict between April 30 and July 31? - 4,https://www.predictit.org/markets/detail/8773,https://www.predictit.org/markets/detail/8773,0.0,False,cooldown
2026-05-27T01:45:43.490198+00:00,CORRELATED,0.84,1.0,predictit,predictit,unknown,unknown,How many states will redistrict between April 30 and July 31? - 2,How many states will redistrict between April 30 and July 31? - 4,https://www.predictit.org/markets/detail/8773,https://www.predictit.org/markets/detail/8773,0.0,False,cooldown
2026-05-27T02:01:01.055812+00:00,LADDER,0.125,1.0,kalshi,kalshi,unknown,unknown,Over 17.5 runs scored,Over 18.5 runs scored,https://kalshi.com/markets/kxmlbtotal-26may262005houtex,https://kalshi.com/markets/kxmlbtotal-26may262005houtex,0.0,True,
2026-05-27T02:01:01.055919+00:00,CORRELATED,0.84,1.0,predictit,predictit,unknown,unknown,How many states will redistrict between April 30 and July 31? - 2,How many states will redistrict between April 30 and July 31? - 4,https://www.predictit.org/markets/detail/8773,https://www.predictit.org/markets/detail/8773,0.0,False,cooldown
2026-05-27T02:15:40.775261+00:00,ARB,0.295,1.0,predictit,kalshi,unknown,media,Will Trump visit Venezuela by July 1? - Will Trump visit Venezuela by July 1?,Trump,https://www.predictit.org/markets/detail/8496,https://kalshi.com/markets/kxlastwordmention-26may26,0.465,True,
2026-05-27T02:15:40.901455+00:00,ARB,0.225,1.0,predictit,kalshi,unknown,media,Will SCOTUS side with Trump on birthright citizenship? - Will SCOTUS side with T,Trump,https://www.predictit.org/markets/detail/8414,https://kalshi.com/markets/kxlastwordmention-26may26,0.395,True,
2026-05-27T02:15:41.026981+00:00,ARB,0.195,1.0,predictit,kalshi,unknown,media,Trump's DDHQ job approval rating on May 29? - 37.1% or lower,Trump,https://www.predictit.org/markets/detail/8811,https://kalshi.com/markets/kxlastwordmention-26may26,0.365,True,
2026-05-27T02:15:41.027111+00:00,CORRELATED,0.84,1.0,predictit,predictit,unknown,unknown,How many states will redistrict between April 30 and July 31? - 2,How many states will redistrict between April 30 and July 31? - 4,https://www.predictit.org/markets/detail/8773,https://www.predictit.org/markets/detail/8773,0.0,False,cooldown
2026-05-27T02:30:51.719008+00:00,LADDER,0.04,1.0,kalshi,kalshi,unknown,unknown,Over 17.5 runs scored,Over 18.5 runs scored,https://kalshi.com/markets/kxmlbtotal-26may262005houtex,https://kalshi.com/markets/kxmlbtotal-26may262005houtex,0.0,False,cooldown
2026-05-27T02:30:52.007306+00:00,CORRELATED,0.84,1.0,predictit,predictit,unknown,unknown,How many states will redistrict between April 30 and July 31? - 2,How many states will redistrict between April 30 and July 31? - 4,https://www.predictit.org/markets/detail/8773,https://www.predictit.org/markets/detail/8773,0.0,True,
2026-05-27T02:45:42.241278+00:00,CORRELATED,0.84,1.0,predictit,predictit,unknown,unknown,How many states will redistrict between April 30 and July 31? - 2,How many states will redistrict between April 30 and July 31? - 4,https://www.predictit.org/markets/detail/8773,https://www.predictit.org/markets/detail/8773,0.0,False,cooldown
2026-05-27T03:01:03.949189+00:00,CORRELATED,0.84,1.0,predictit,predictit,unknown,unknown,How many states will redistrict between April 30 and July 31? - 2,How many states will redistrict between April 30 and July 31? - 4,https://www.predictit.org/markets/detail/8773,https://www.predictit.org/markets/detail/8773,0.0,False,cooldown
2026-05-27T03:15:40.263182+00:00,CORRELATED,0.84,1.0,predictit,predictit,unknown,unknown,How many states will redistrict between April 30 and July 31? - 2,How many states will redistrict between April 30 and July 31? - 4,https://www.predictit.org/markets/detail/8773,https://www.predictit.org/markets/detail/8773,0.0,False,cooldown
2026-05-27T03:30:49.726861+00:00,CORRELATED,0.84,1.0,predictit,predictit,unknown,unknown,How many states will redistrict between April 30 and July 31? - 2,How many states will redistrict between April 30 and July 31? - 4,https://www.predictit.org/markets/detail/8773,https://www.predictit.org/markets/detail/8773,0.0,False,cooldown
2026-05-27T03:45:50.030580+00:00,CORRELATED,0.84,1.0,predictit,predictit,unknown,unknown,How many states will redistrict between April 30 and July 31? - 2,How many states will redistrict between April 30 and July 31? - 4,https://www.predictit.org/markets/detail/8773,https://www.predictit.org/markets/detail/8773,0.0,False,cooldown
2026-05-27T04:01:40.090631+00:00,LADDER,0.085,1.0,kalshi,kalshi,unknown,unknown,Dodgers wins by over 7.5 runs,Dodgers wins by over 8.5 runs,https://kalshi.com/markets/kxmlbspread-26may262210collad,https://kalshi.com/markets/kxmlbspread-26may262210collad,0.0,True,
2026-05-27T04:01:40.090776+00:00,CORRELATED,0.84,1.0,predictit,predictit,unknown,unknown,How many states will redistrict between April 30 and July 31? - 2,How many states will redistrict between April 30 and July 31? - 4,https://www.predictit.org/markets/detail/8773,https://www.predictit.org/markets/detail/8773,0.0,False,cooldown
2026-05-27T04:15:38.604100+00:00,CORRELATED,0.84,1.0,predictit,predictit,unknown,unknown,How many states will redistrict between April 30 and July 31? - 2,How many states will redistrict between April 30 and July 31? - 4,https://www.predictit.org/markets/detail/8773,https://www.predictit.org/markets/detail/8773,0.0,False,cooldown
2026-05-27T04:30:48.882510+00:00,CORRELATED,0.84,1.0,predictit,predictit,unknown,unknown,How many states will redistrict between April 30 and July 31? - 2,How many states will redistrict between April 30 and July 31? - 4,https://www.predictit.org/markets/detail/8773,https://www.predictit.org/markets/detail/8773,0.0,False,cooldown
2026-05-27T04:45:45.344386+00:00,CORRELATED,0.84,1.0,predictit,predictit,unknown,unknown,How many states will redistrict between April 30 and July 31? - 2,How many states will redistrict between April 30 and July 31? - 4,https://www.predictit.org/markets/detail/8773,https://www.predictit.org/markets/detail/8773,0.0,False,cooldown
2026-05-27T05:00:59.731160+00:00,CORRELATED,0.84,1.0,predictit,predictit,unknown,unknown,How many states will redistrict between April 30 and July 31? - 2,How many states will redistrict between April 30 and July 31? - 4,https://www.predictit.org/markets/detail/8773,https://www.predictit.org/markets/detail/8773,0.0,False,cooldown
2026-05-27T05:15:46.390934+00:00,CORRELATED,0.84,1.0,predictit,predictit,unknown,unknown,How many states will redistrict between April 30 and July 31? - 2,How many states will redistrict between April 30 and July 31? - 4,https://www.predictit.org/markets/detail/8773,https://www.predictit.org/markets/detail/8773,0.0,False,cooldown
2026-05-27T05:30:51.381548+00:00,CORRELATED,0.84,1.0,predictit,predictit,unknown,unknown,How many states will redistrict between April 30 and July 31? - 2,How many states will redistrict between April 30 and July 31? - 4,https://www.predictit.org/markets/detail/8773,https://www.predictit.org/markets/detail/8773,0.0,False,cooldown
2026-05-27T05:45:40.839153+00:00,CORRELATED,0.84,1.0,predictit,predictit,unknown,unknown,How many states will redistrict between April 30 and July 31? - 2,How many states will redistrict between April 30 and July 31? - 4,https://www.predictit.org/markets/detail/8773,https://www.predictit.org/markets/detail/8773,0.0,False,cooldown
2026-05-27T06:00:57.324833+00:00,CORRELATED,0.84,1.0,predictit,predictit,unknown,unknown,How many states will redistrict between April 30 and July 31? - 2,How many states will redistrict between April 30 and July 31? - 4,https://www.predictit.org/markets/detail/8773,https://www.predictit.org/markets/detail/8773,0.0,False,cooldown
2026-05-27T06:15:44.500688+00:00,CORRELATED,0.9,1.0,predictit,predictit,unknown,unknown,What will be the margin in the California gubernatorial primary? - 8-9%,What will be the margin in the California gubernatorial primary? - <1%,https://www.predictit.org/markets/detail/8807,https://www.predictit.org/markets/detail/8807,0.0,True,
2026-05-27T06:30:52.298602+00:00,CORRELATED,0.9,1.0,predictit,predictit,unknown,unknown,What will be the margin in the California gubernatorial primary? - 8-9%,What will be the margin in the California gubernatorial primary? - <1%,https://www.predictit.org/markets/detail/8807,https://www.predictit.org/markets/detail/8807,0.0,False,cooldown
2026-05-27T06:45:41.332457+00:00,CORRELATED,0.9,1.0,predictit,predictit,unknown,unknown,What will be the margin in the California gubernatorial primary? - 8-9%,What will be the margin in the California gubernatorial primary? - <1%,https://www.predictit.org/markets/detail/8807,https://www.predictit.org/markets/detail/8807,0.0,False,cooldown
2026-05-27T07:01:03.796776+00:00,CORRELATED,0.9,1.0,predictit,predictit,unknown,unknown,What will be the margin in the California gubernatorial primary? - 8-9%,What will be the margin in the California gubernatorial primary? - <1%,https://www.predictit.org/markets/detail/8807,https://www.predictit.org/markets/detail/8807,0.0,False,cooldown
2026-05-27T07:15:47.109644+00:00,CORRELATED,0.9,1.0,predictit,predictit,unknown,unknown,What will be the margin in the California gubernatorial primary? - 8-9%,What will be the margin in the California gubernatorial primary? - <1%,https://www.predictit.org/markets/detail/8807,https://www.predictit.org/markets/detail/8807,0.0,False,cooldown
2026-05-27T07:30:51.281009+00:00,CORRELATED,0.9,1.0,predictit,predictit,unknown,unknown,What will be the margin in the California gubernatorial primary? - 8-9%,What will be the margin in the California gubernatorial primary? - <1%,https://www.predictit.org/markets/detail/8807,https://www.predictit.org/markets/detail/8807,0.0,False,cooldown
2026-05-27T07:45:53.058487+00:00,CORRELATED,0.9,1.0,predictit,predictit,unknown,unknown,What will be the margin in the California gubernatorial primary? - 8-9%,What will be the margin in the California gubernatorial primary? - <1%,https://www.predictit.org/markets/detail/8807,https://www.predictit.org/markets/detail/8807,0.0,False,cooldown
2026-05-27T08:01:00.051548+00:00,CORRELATED,0.9,1.0,predictit,predictit,unknown,unknown,What will be the margin in the California gubernatorial primary? - 8-9%,What will be the margin in the California gubernatorial primary? - <1%,https://www.predictit.org/markets/detail/8807,https://www.predictit.org/markets/detail/8807,0.0,False,cooldown
2026-05-27T08:15:52.171640+00:00,CORRELATED,0.9,1.0,predictit,predictit,unknown,unknown,What will be the margin in the California gubernatorial primary? - 8-9%,What will be the margin in the California gubernatorial primary? - <1%,https://www.predictit.org/markets/detail/8807,https://www.predictit.org/markets/detail/8807,0.0,False,cooldown
2026-05-27T08:31:09.644031+00:00,CORRELATED,0.9,1.0,predictit,predictit,unknown,unknown,What will be the margin in the California gubernatorial primary? - 8-9%,What will be the margin in the California gubernatorial primary? - <1%,https://www.predictit.org/markets/detail/8807,https://www.predictit.org/markets/detail/8807,0.0,False,cooldown
2026-05-27T08:45:44.277143+00:00,CORRELATED,0.9,1.0,predictit,predictit,unknown,unknown,What will be the margin in the California gubernatorial primary? - 8-9%,What will be the margin in the California gubernatorial primary? - <1%,https://www.predictit.org/markets/detail/8807,https://www.predictit.org/markets/detail/8807,0.0,False,cooldown
2026-05-27T09:01:12.575087+00:00,CORRELATED,0.9,1.0,predictit,predictit,unknown,unknown,What will be the margin in the California gubernatorial primary? - 8-9%,What will be the margin in the California gubernatorial primary? - <1%,https://www.predictit.org/markets/detail/8807,https://www.predictit.org/markets/detail/8807,0.0,False,cooldown
2026-05-27T09:15:43.915269+00:00,CORRELATED,0.9,1.0,predictit,predictit,unknown,unknown,What will be the margin in the California gubernatorial primary? - 8-9%,What will be the margin in the California gubernatorial primary? - <1%,https://www.predictit.org/markets/detail/8807,https://www.predictit.org/markets/detail/8807,0.0,False,cooldown
2026-05-27T09:30:52.847093+00:00,CORRELATED,0.9,1.0,predictit,predictit,unknown,unknown,What will be the margin in the California gubernatorial primary? - 8-9%,What will be the margin in the California gubernatorial primary? - <1%,https://www.predictit.org/markets/detail/8807,https://www.predictit.org/markets/detail/8807,0.0,False,cooldown
2026-05-27T09:45:53.125946+00:00,CORRELATED,0.9,1.0,predictit,predictit,unknown,unknown,What will be the margin in the California gubernatorial primary? - 8-9%,What will be the margin in the California gubernatorial primary? - <1%,https://www.predictit.org/markets/detail/8807,https://www.predictit.org/markets/detail/8807,0.0,False,cooldown
2026-05-27T10:01:16.370204+00:00,CORRELATED,0.9,1.0,predictit,predictit,unknown,unknown,What will be the margin in the California gubernatorial primary? - 8-9%,What will be the margin in the California gubernatorial primary? - <1%,https://www.predictit.org/markets/detail/8807,https://www.predictit.org/markets/detail/8807,0.0,False,cooldown
2026-05-27T10:15:42.224356+00:00,CORRELATED,0.9,1.0,predictit,predictit,unknown,unknown,What will be the margin in the California gubernatorial primary? - 8-9%,What will be the margin in the California gubernatorial primary? - <1%,https://www.predictit.org/markets/detail/8807,https://www.predictit.org/markets/detail/8807,0.0,False,cooldown
2026-05-27T10:31:02.117895+00:00,CORRELATED,0.9,1.0,predictit,predictit,unknown,unknown,What will be the margin in the California gubernatorial primary? - 8-9%,What will be the margin in the California gubernatorial primary? - <1%,https://www.predictit.org/markets/detail/8807,https://www.predictit.org/markets/detail/8807,0.0,True,
2026-05-27T10:45:46.277123+00:00,CORRELATED,0.9,1.0,predictit,predictit,unknown,unknown,What will be the margin in the California gubernatorial primary? - 8-9%,What will be the margin in the California gubernatorial primary? - <1%,https://www.predictit.org/markets/detail/8807,https://www.predictit.org/markets/detail/8807,0.0,False,cooldown
2026-05-27T11:01:11.637683+00:00,ARB,0.18,1.0,predictit,kalshi,unknown,media,Will Trump leave office early? - Will Trump leave office early?,Trump,https://www.predictit.org/markets/detail/8457,https://kalshi.com/markets/kxcarneymention-26may27,0.35,True,
2026-05-27T11:01:11.637846+00:00,CORRELATED,0.9,1.0,predictit,predictit,unknown,unknown,What will be the margin in the California gubernatorial primary? - 8-9%,What will be the margin in the California gubernatorial primary? - <1%,https://www.predictit.org/markets/detail/8807,https://www.predictit.org/markets/detail/8807,0.0,False,cooldown
2026-05-27T11:15:41.529015+00:00,ARB,0.185,1.0,predictit,kalshi,unknown,media,Will Trump leave office early? - Will Trump leave office early?,Trump,https://www.predictit.org/markets/detail/8457,https://kalshi.com/markets/kxcarneymention-26may27,0.355,False,cooldown
2026-05-27T11:15:41.529136+00:00,CORRELATED,0.9,1.0,predictit,predictit,unknown,unknown,What will be the margin in the California gubernatorial primary? - 8-9%,What will be the margin in the California gubernatorial primary? - <1%,https://www.predictit.org/markets/detail/8807,https://www.predictit.org/markets/detail/8807,0.0,False,cooldown
